Specialization,Skills Required
SEO Consultant,"Hadoop, Agile, GCP, Spring Boot, Scrum, Redis, TypeScript, Power BI"
SEO Architect,"PostgreSQL, Vue.js, Penetration Testing, TensorFlow, Agile, NumPy, MongoDB, Docker, GraphQL, Node.js"
E-commerce Consultant,"MySQL, Git, Node.js, Big Data, Smart Contracts, Kubernetes, Data Analysis, React, Data Visualization"
Bioinformatics Specialist,"Linux, TensorFlow, Scikit-learn, MySQL, Data Visualization, Machine Learning"
Cloud Specialist,"Firebase, Data Visualization, Deep Learning, Adobe XD, Redis, Tableau, Git, C++, Pandas, Swift"
Systems Analyst,"R, Computer Vision, Node.js, Smart Contracts, Docker"
Big Data Developer,"GCP, C++, Spring Boot, REST APIs, Linux, HTML, MySQL, Redis, PostgreSQL"
AR/VR Technician,"Angular, Pandas, GitHub, Deep Learning, REST APIs"
Systems Architect,"Python, Swift, Vue.js, R, Data Analysis, Redis, Scrum, SEO, REST APIs"
Healthcare IT Engineer,"Content Marketing, Django, Penetration Testing, Big Data, MongoDB"
AI Engineer,"Angular, Smart Contracts, PyTorch, Spring Boot, C++, MongoDB"
Cloud Computing,"Statistics, Git, Python, Hadoop, Adobe XD, SEO, PostgreSQL, Node.js"
AI Technician,"Spark, MongoDB, Redis, Angular, NLP, Spring Boot, Azure, Hadoop, CSS"
Robotics Analyst,"JIRA, Firebase, Adobe XD, Unreal Engine, Node.js, Power BI, Vue.js, CI/CD, Solidity"
Mobile Developer,"Git, Adobe XD, PostgreSQL, Java, TypeScript, NumPy, Tableau, REST APIs, Statistics, Angular"
AR/VR Analyst,"MongoDB, Linux, REST APIs, NLP, Agile, Statistics, Python, Git, Vue.js"
Robotics Consultant,"Agile, R, Firebase, TensorFlow, Figma, Unity, PostgreSQL, Content Marketing"
Web Specialist,"Kotlin, Big Data, Figma, Spark, Adobe XD, Scikit-learn"
Marketing Technician,"CI/CD, Penetration Testing, Smart Contracts, Xcode, Git"
Systems Specialist,"Linux, AWS, GitHub, Data Visualization, Redis, CSS, Xcode"
Security Engineer,"GCP, Scrum, Git, TypeScript, Azure, Shell Scripting, Django, REST APIs, TensorFlow, Redis"
Healthcare IT Specialist,"Java, React, Data Visualization, Linux, OpenCV"
Marketing Consultant,"Git, MySQL, ElasticSearch, GraphQL, Hadoop, Scrum, Spring Boot, MATLAB, Data Visualization, Statistics"
Cybersecurity Consultant,"Spring Boot, Hadoop, R, Shell Scripting, MongoDB, C++, NumPy, HTML"
Product Technician,"OpenCV, Blockchain, NumPy, GraphQL, Angular"
Network Developer,"HTML, Content Marketing, AWS, Blockchain, GraphQL, Pandas, MySQL, Node.js, PostgreSQL"
Cybersecurity Analyst,"Cryptography, Shell Scripting, Python, C++, Deep Learning"
Security Specialist,"Unity, C++, Machine Learning, Solidity, REST APIs, NLP, PyTorch"
Healthcare IT Manager,"HTML, MongoDB, Deep Learning, Computer Vision, Git, Smart Contracts, CI/CD, Solidity, TensorFlow"
Blockchain Consultant,"Node.js, Cryptography, Data Analysis, Pandas, Hadoop"
AI Consultant,"Penetration Testing, Ethical Hacking, Scrum, SAS, Shell Scripting"
Cloud Architect,"Hadoop, Django, NumPy, Xcode, Redis"
Bioinformatics Analyst,"CSS, Linux, R, Vue.js, Angular, Solidity, Swift, Spark, Agile, Scikit-learn"
Data Science,"Scikit-learn, HTML, JavaScript, Angular, MySQL, Node.js, CI/CD, Xcode, Docker, JIRA"
Robotics Manager,"Smart Contracts, Machine Learning, Node.js, Power BI, Unreal Engine, JIRA, Tableau, GitHub"
Bioinformatics Manager,"Unreal Engine, Computer Vision, React, Swift, Penetration Testing, Adobe XD"
ML Specialist,"Blockchain, Kubernetes, CI/CD, Angular, Machine Learning"
Data Analyst,"PostgreSQL, Linux, Unity, AWS, Azure, NLP"
Product Analyst,"Git, Ethical Hacking, Hadoop, C++, HTML"
Database Analyst,"MongoDB, C++, Ethical Hacking, Smart Contracts, Spark, Linux, Angular, GitHub, Power BI, Flask"
AR/VR Engineer,"Redis, Data Analysis, Computer Vision, Tableau, NumPy"
SEO Developer,"TensorFlow, Django, PostgreSQL, Spring Boot, Scikit-learn, Flask, Kotlin, Kubernetes"
Cybersecurity Architect,"Django, CSS, Flask, PyTorch, Spring Boot, JIRA, Blockchain, Vue.js"
E-commerce Architect,"GCP, Kubernetes, TensorFlow, Data Visualization, Azure, Redis, Spark, MATLAB, Data Analysis"
Cybersecurity Developer,"MongoDB, NumPy, Shell Scripting, SAS, HTML"
DevOps Engineer,"Cryptography, JavaScript, NumPy, Linux, Node.js, Redis"
UI/UX Technician,"Docker, Big Data, Computer Vision, Redis, Java, ElasticSearch"
Product Engineer,"MySQL, TypeScript, React, Java, Hadoop, Computer Vision"
Game Specialist,"Content Marketing, Tableau, SAS, Smart Contracts, Computer Vision, NLP, Penetration Testing, Vue.js, MySQL"
Bioinformatics Engineer,"Ethical Hacking, ElasticSearch, Firebase, Cryptography, PyTorch, CI/CD, Computer Vision, Python, SAS, MongoDB"
Game Analyst,"AWS, Flask, Data Visualization, TensorFlow, Penetration Testing, Big Data, Python, C++, Cryptography"
Cybersecurity,"Git, Deep Learning, Scrum, Firebase, Linux"
Data Architect,"Java, GitHub, Git, Cryptography, NLP, Shell Scripting, REST APIs"
E-commerce Technician,"Azure, Python, Solidity, Kubernetes, Penetration Testing, CI/CD, Scrum, Angular, JavaScript, Hadoop"
ML Manager,"Unreal Engine, Statistics, JavaScript, Spark, R, Java"
Embedded Manager,"Unity, Spring Boot, Redis, MongoDB, OpenCV"
UI/UX Engineer,"Content Marketing, Big Data, Xcode, MySQL, Unity, AWS, Python, PostgreSQL"
Product Architect,"CI/CD, TypeScript, Java, Redis, Scrum, Tableau, PyTorch, Data Visualization, Hadoop, Django"
Big Data Specialist,"Firebase, PyTorch, ElasticSearch, Figma, JavaScript, GraphQL, HTML"
IoT Consultant,"Kotlin, Data Analysis, TypeScript, MongoDB, Python, Adobe XD, CSS, Power BI, SEO, Computer Vision"
Data Technician,"Spring Boot, Data Analysis, R, Xcode, ElasticSearch, Kotlin, TypeScript, HTML"
Bioinformatics Developer,"GitHub, Unity, ElasticSearch, SEO, R, Adobe XD, Python"
UI/UX Architect,"Docker, Linux, GraphQL, Big Data, Shell Scripting"
UI/UX Consultant,"TypeScript, Shell Scripting, Penetration Testing, GitHub, Python, MATLAB, Ethical Hacking, Agile"
Data Engineer,"Cryptography, SEO, Deep Learning, MATLAB, Django, Docker, Tableau, TypeScript"
DevOps Analyst,"Data Analysis, TensorFlow, Flask, Content Marketing, OpenCV, Linux, Spark, Unreal Engine, Shell Scripting"
AR/VR Developer,"AWS, Redis, OpenCV, ElasticSearch, Flask, React, Unity"
Healthcare IT Analyst,"Blockchain, ElasticSearch, JavaScript, JIRA, Adobe XD, Java"
Web Architect,"REST APIs, NumPy, Adobe XD, CSS, Computer Vision, Python"
Marketing Manager,"React, Computer Vision, NumPy, Blockchain, PostgreSQL, Power BI, REST APIs"
DevOps Architect,"Penetration Testing, Power BI, SEO, Computer Vision, Spark, Agile"
E-commerce Developer,"GraphQL, TypeScript, Python, JavaScript, NLP"
Marketing Specialist,"Penetration Testing, Blockchain, Azure, Content Marketing, Scikit-learn, PyTorch"
Healthcare IT Developer,"Azure, Data Analysis, Unity, Angular, Solidity, Deep Learning"
SEO Analyst,"Xcode, NumPy, Unity, Redis, Node.js"
UI/UX Developer,"Machine Learning, Big Data, Power BI, Solidity, SAS, Vue.js, Pandas, Unreal Engine, Firebase"
Web Technician,"GitHub, CSS, Solidity, Firebase, Scrum, ElasticSearch, Content Marketing, MySQL"
Blockchain Engineer,"Cryptography, Deep Learning, Figma, R, Pandas, JIRA, GraphQL, Computer Vision, Xcode"
AI Engineer,"NLP, Git, HTML, Vue.js, Flask, Power BI, Scrum, Smart Contracts, TypeScript"
Cloud Manager,"Blockchain, SEO, NLP, Redis, PyTorch, Figma, Content Marketing, Machine Learning"
Cybersecurity Technician,"React, Machine Learning, NLP, SEO, Hadoop, OpenCV, Spring Boot, Statistics, PyTorch, C++"
Bioinformatics Consultant,"Ethical Hacking, Django, Hadoop, Kotlin, Data Analysis, HTML"
ML Engineer,"Firebase, NLP, Azure, Pandas, AWS"
Mobile Analyst,"PyTorch, Kubernetes, Solidity, NLP, JIRA, Penetration Testing, SEO, TensorFlow"
Blockchain Specialist,"PostgreSQL, OpenCV, Pandas, NLP, Kotlin, Data Visualization, Unity, C++"
Data Developer,"GraphQL, Node.js, NumPy, Smart Contracts, Big Data, SEO, Data Analysis, Scikit-learn, Shell Scripting"
UI/UX Manager,"Adobe XD, C++, TypeScript, Statistics, Angular, Deep Learning, Python, Node.js"
Network Consultant,"MATLAB, Firebase, Content Marketing, AWS, Django, Penetration Testing, Adobe XD"
Healthcare IT Consultant,"Tableau, React, Azure, JIRA, Unity, Xcode, Spring Boot"
Blockchain Analyst,"JavaScript, SEO, Penetration Testing, Deep Learning, Unreal Engine, REST APIs, Solidity, Git, Angular"
Database Developer,"Node.js, TypeScript, Angular, REST APIs, MATLAB"
Cybersecurity Engineer,"Data Visualization, Content Marketing, R, Vue.js, NLP, Scrum, Computer Vision, Tableau, SAS, Kubernetes"
Product Manager,"OpenCV, Figma, Linux, Unreal Engine, Unity, MATLAB"
Robotics Architect,"HTML, Computer Vision, AWS, Machine Learning, Penetration Testing, Scrum, Big Data"
Marketing Developer,"Node.js, CI/CD, GCP, CSS, Big Data, ElasticSearch"
Network Analyst,"Kubernetes, Node.js, Computer Vision, Docker, Vue.js, JIRA, MongoDB, Java, MySQL, GitHub"
SEO Engineer,"Scikit-learn, Adobe XD, Node.js, SEO, NLP, Tableau, C++"
Big Data Consultant,"REST APIs, Content Marketing, Big Data, Data Visualization, Flask, HTML"
Big Data Engineer,"MySQL, Pandas, Smart Contracts, GitHub, Firebase, Java, Xcode, MongoDB"
Big Data Technician,"Unreal Engine, Power BI, Unity, MySQL, Big Data, Statistics, R"
SEO Specialist,"Hadoop, REST APIs, Smart Contracts, Content Marketing, Agile"
UI/UX Specialist,"Deep Learning, Data Analysis, Swift, REST APIs, Power BI, Redis, JIRA, Xcode, Machine Learning, Big Data"
Product Specialist,"Statistics, Power BI, NumPy, Docker, Solidity, Python, Hadoop, PostgreSQL"
Network Engineer,"Statistics, AWS, Data Visualization, MySQL, Scrum, Firebase, NLP, React"
Healthcare IT Technician,"GCP, REST APIs, Adobe XD, PostgreSQL, Spark, Smart Contracts, Data Visualization"
SEO Manager,"Swift, MySQL, Solidity, GCP, Scrum, SEO, Statistics, Content Marketing, Angular, Figma"
Game Developer,"GraphQL, Vue.js, Data Analysis, PostgreSQL, Kotlin, Spark, Shell Scripting, Ethical Hacking, Big Data"
Big Data Manager,"Adobe XD, Redis, Deep Learning, Hadoop, Machine Learning, Power BI, JavaScript, GraphQL"
UI/UX Analyst,"HTML, Machine Learning, MySQL, OpenCV, GitHub, PyTorch"
AR/VR Manager,"Content Marketing, AWS, Cryptography, Machine Learning, Angular, Django, Git, TypeScript"
Embedded Architect,"Solidity, Data Visualization, OpenCV, Pandas, Django, PyTorch, Unity, NLP"
IoT Analyst,"R, MySQL, OpenCV, Redis, Scikit-learn, Linux, Unreal Engine"
AI Manager,"Data Visualization, Python, JIRA, Flask, Kubernetes"
IoT Developer,"Data Visualization, Scrum, Linux, Java, Azure, GitHub"
Blockchain Architect,"Vue.js, TypeScript, JavaScript, JIRA, Data Visualization, Computer Vision, Shell Scripting"
Security Technician,"Firebase, MySQL, Unreal Engine, JIRA, MongoDB, Docker, AWS, TypeScript, R"
Embedded Technician,"Spark, Angular, Big Data, SEO, Scikit-learn, Docker"
Mobile Specialist,"SEO, Scikit-learn, R, Machine Learning, HTML, Figma, NLP"
Mobile Development,"Python, Smart Contracts, Figma, Docker, Swift, Data Visualization, Xcode, Ethical Hacking, NumPy, R"
Cybersecurity Specialist,"Docker, CSS, C++, Blockchain, Big Data"
Web Manager,"Spark, Data Analysis, Pandas, CSS, Solidity, Docker, Firebase, Deep Learning"
Cloud Consultant,"ElasticSearch, Ethical Hacking, Kubernetes, Firebase, Redis, HTML, Spring Boot"
Database Manager,"OpenCV, PyTorch, Python, Computer Vision, Spark, TensorFlow, React, Redis, Penetration Testing"
IoT Specialist,"Docker, MySQL, GraphQL, HTML, Azure, Kubernetes"
Marketing Engineer,"Machine Learning, Kubernetes, HTML, REST APIs, CI/CD, Redis, Tableau, Scrum"
E-commerce Engineer,"CI/CD, Blockchain, Spring Boot, Machine Learning, Angular, Scrum, Hadoop, React, Firebase, Flask"
IoT Manager,"Node.js, Django, GitHub, GCP, SAS, Unity, Spark, JavaScript"
Blockchain Technician,"Python, Xcode, Django, Content Marketing, SAS, JavaScript"
Embedded Developer,"Statistics, Java, TensorFlow, Python, AWS, R, Agile, OpenCV, Shell Scripting, Node.js"
Robotics Developer,"Smart Contracts, MongoDB, CI/CD, Deep Learning, Data Visualization, OpenCV, Big Data"
AI Architect,"Kubernetes, CSS, GCP, Shell Scripting, Agile, Blockchain, Deep Learning, ElasticSearch, Computer Vision, MATLAB"
E-commerce Analyst,"Solidity, GitHub, TypeScript, NumPy, R, SEO, Firebase"
Blockchain Developer,"GCP, Linux, Scikit-learn, Cryptography, R, Java, Angular, ElasticSearch, Solidity"
Systems Engineer,"Swift, Deep Learning, HTML, SAS, GraphQL"
Embedded Engineer,"Flask, Python, GitHub, PostgreSQL, PyTorch, Statistics, MATLAB, C++, TensorFlow, REST APIs"
Bioinformatics Technician,"Ethical Hacking, Unreal Engine, GitHub, MySQL, Data Visualization, JIRA, Kotlin, C++, MATLAB"
DevOps Specialist,"Spring Boot, Unreal Engine, MySQL, NLP, Agile, R, Azure, Vue.js, Git"
Database Specialist,"Statistics, JavaScript, Cryptography, Agile, GCP"
DevOps Manager,"AWS, Hadoop, React, Angular, Computer Vision, SEO, Unity, Python, Big Data"
AR/VR Consultant,"NumPy, Solidity, AWS, Kotlin, SEO, JavaScript, Azure, MongoDB, Unreal Engine"
Blockchain Manager,"Computer Vision, Azure, Flask, NLP, C++, TensorFlow, TypeScript, Smart Contracts, Big Data"
Cloud Analyst,"Solidity, Redis, CI/CD, Spring Boot, Ethical Hacking"
Cloud Developer,"Kubernetes, Smart Contracts, Swift, CSS, PostgreSQL, Statistics, Angular, Computer Vision, Scrum"
Robotics Specialist,"Shell Scripting, Linux, TensorFlow, Kubernetes, Git, Java, Cryptography, Docker, React"
AR/VR Specialist,"PostgreSQL, Java, Unreal Engine, JIRA, CI/CD, PyTorch, Ethical Hacking, TensorFlow, Machine Learning, R"
Blockchain Developer,"Node.js, Linux, Blockchain, CSS, Figma"
AI Developer,"ElasticSearch, MATLAB, Ethical Hacking, GitHub, Statistics, Content Marketing, Cryptography, Data Analysis"
Mobile Engineer,"Machine Learning, R, TypeScript, Kubernetes, Scrum, Big Data, MySQL"
Systems Technician,"CI/CD, Azure, R, GitHub, GraphQL, Git, Python"
Mobile Technician,"ElasticSearch, Firebase, SEO, Content Marketing, Unreal Engine, Angular, Spark"
Data Specialist,"Deep Learning, Data Analysis, GitHub, Azure, CI/CD, PostgreSQL, Smart Contracts"
E-commerce Specialist,"Power BI, JIRA, GitHub, Kotlin, Node.js, C++, Angular"
Big Data Analyst,"REST APIs, Kubernetes, Git, Xcode, Python, Power BI, CSS, MongoDB"
Data Manager,"C++, Docker, Spark, TensorFlow, Kotlin, Smart Contracts, Unreal Engine, PostgreSQL, GitHub"
Robotics Technician,"SAS, REST APIs, PyTorch, GitHub, GCP, Cryptography"
Cloud Technician,"Deep Learning, HTML, Redis, Content Marketing, Cryptography, MATLAB, Flask, Kubernetes, Linux, ElasticSearch"
Systems Manager,"Solidity, Unreal Engine, GitHub, Swift, Vue.js, MongoDB, AWS, Firebase"
Embedded Consultant,"NumPy, GitHub, Ethical Hacking, Django, CSS, ElasticSearch, Smart Contracts, PostgreSQL, Xcode, JavaScript"
Mobile Manager,"Penetration Testing, Linux, Unreal Engine, MongoDB, Power BI, JavaScript"
Database Architect,"Penetration Testing, SEO, Computer Vision, Big Data, Figma, Python"
Game Development,"CSS, Tableau, Big Data, JavaScript, Git, Kotlin, Spring Boot"
IoT Architect,"GCP, PostgreSQL, Kubernetes, Data Analysis, Shell Scripting, Firebase, Statistics, Kotlin"
Security Architect,"Vue.js, React, Django, Angular, JavaScript, HTML, Xcode, Spring Boot, CSS"
ML Consultant,"Spring Boot, NumPy, AWS, GitHub, Spark, HTML, Java"
UI/UX Design,"Docker, Shell Scripting, Solidity, Hadoop, Deep Learning, Xcode, REST APIs"
ML Analyst,"Statistics, Redis, Tableau, Adobe XD, Cryptography, NLP, Deep Learning, Data Analysis, Scikit-learn, PostgreSQL"
Marketing Analyst,"PostgreSQL, Big Data, Machine Learning, Scrum, SAS, Solidity, Agile, Shell Scripting, JIRA"
Systems Consultant,"Spark, ElasticSearch, Adobe XD, Figma, Python"
Embedded Analyst,"TypeScript, HTML, Content Marketing, JavaScript, Azure, C++, Deep Learning, AWS, Cryptography"
Web Developer,"Xcode, Scikit-learn, CI/CD, Firebase, Blockchain, JIRA, SEO, Kubernetes, SAS"
Game Manager,"Big Data, Ethical Hacking, Penetration Testing, OpenCV, JavaScript, C++, MySQL"
IoT Engineer,"HTML, ElasticSearch, Pandas, Smart Contracts, TypeScript, Blockchain, MongoDB, Data Analysis, Unity"
DevOps Technician,"REST APIs, Spring Boot, Angular, TensorFlow, Kotlin, Blockchain, SAS, Azure"
Database Technician,"C++, Firebase, Smart Contracts, Penetration Testing, PostgreSQL, Ethical Hacking, AWS, Git, Content Marketing, ElasticSearch"
IoT Technician,"Hadoop, MySQL, Git, JIRA, Tableau, Figma, AWS, Docker"
Mobile Consultant,"JavaScript, Machine Learning, Docker, Pandas, Statistics, Xcode, Kotlin"
DevOps Developer,"NumPy, Linux, OpenCV, CSS, TensorFlow, Git, Xcode"
Cloud Engineer,"Unity, Spring Boot, Data Analysis, Smart Contracts, C++, JIRA"
Security Developer,"GCP, Smart Contracts, Computer Vision, Scrum, PostgreSQL"
Product Developer,"Cryptography, Scikit-learn, Data Visualization, PostgreSQL, Xcode, Agile"
Marketing Architect,"Spark, Git, Kubernetes, Firebase, Kotlin"
Embedded Specialist,"TypeScript, JIRA, C++, CI/CD, GraphQL, Redis"
Healthcare IT Architect,"Smart Contracts, Machine Learning, SEO, Data Visualization, Adobe XD"
Software Development,"Docker, Spring Boot, GraphQL, Python, React, Deep Learning, Kotlin, Data Visualization, Ethical Hacking, Agile"
Security Analyst,"Spring Boot, NLP, REST APIs, Figma, Scikit-learn, ElasticSearch"
Game Technician,"Data Analysis, GCP, Unreal Engine, Flask, Shell Scripting, Hadoop, Content Marketing"
Robotics Engineer,"Machine Learning, Penetration Testing, Big Data, Unreal Engine, PostgreSQL, MATLAB"
Database Consultant,"Scrum, REST APIs, Unity, Power BI, TensorFlow, CSS, Penetration Testing, Linux"
AI Specialist,"MongoDB, Git, CI/CD, Unity, Spark, PyTorch, Content Marketing, Agile, Smart Contracts"
DevOps,"GitHub, Big Data, Cryptography, OpenCV, SEO, Tableau, JavaScript"
E-commerce Manager,"Shell Scripting, JavaScript, OpenCV, Azure, Solidity, Node.js, Data Analysis, GitHub, Smart Contracts, Cryptography"
Security Consultant,"MySQL, NLP, Linux, ElasticSearch, Agile, R, Solidity"
ML Technician,"Data Analysis, Smart Contracts, Blockchain, ElasticSearch, HTML, Machine Learning, Computer Vision, Tableau, R, MySQL"
Web Engineer,"GCP, Pandas, MongoDB, Data Visualization, GraphQL, Node.js, Spring Boot"
ML Developer,"Big Data, Azure, GraphQL, Git, Cryptography, Agile, TensorFlow"
Big Data Architect,"Data Analysis, MySQL, Statistics, Power BI, React"
Network Manager,"ElasticSearch, Python, GitHub, Adobe XD, Kubernetes, Angular"
Game Consultant,"HTML, Data Analysis, Tableau, Penetration Testing, Solidity, React"
Web Development,"Pandas, Python, Xcode, Power BI, SAS, REST APIs"
Web Analyst,"Shell Scripting, React, OpenCV, Agile, GitHub, Smart Contracts"
Network Technician,"Spring Boot, Big Data, OpenCV, Kotlin, Data Visualization, SAS"
ML Architect,"C++, PostgreSQL, Python, MySQL, Git, Hadoop"
DevOps Consultant,"TypeScript, Tableau, Pandas, Adobe XD, Swift, CI/CD"
Digital Marketing,"GitHub, JavaScript, MongoDB, Xcode, NumPy, Big Data, Git, SAS, Data Analysis"
Cybersecurity Manager,"Xcode, Angular, GitHub, TensorFlow, Scikit-learn"
Product Consultant,"OpenCV, Figma, Java, Scikit-learn, GCP"
AR/VR Architect,"React, Deep Learning, R, Flask, Spark, CI/CD, Django"
SEO Technician,"Linux, Kubernetes, ElasticSearch, TypeScript, Java, Power BI, Cryptography, Django, Scrum"
Web Consultant,"Ethical Hacking, NumPy, ElasticSearch, MATLAB, Docker, Unity, Data Visualization, Adobe XD, GraphQL"
AI Analyst,"Python, CSS, GitHub, Machine Learning, GraphQL"
Data Consultant,"Xcode, JIRA, TypeScript, Linux, Redis, Scrum, Docker, Angular"
Mobile Architect,"Penetration Testing, Machine Learning, PostgreSQL, Figma, C++, Tableau, Adobe XD, Pandas, REST APIs, R"
Game Engineer,"Flask, Solidity, NumPy, Xcode, MATLAB, Spring Boot, CSS, Kubernetes, Machine Learning, Pandas"
Security Manager,"AWS, Azure, Agile, Unreal Engine, Scrum, GitHub, Redis"
Game Architect,"Big Data, Tableau, Figma, Django, HTML"
Network Specialist,"Data Analysis, MongoDB, Firebase, Xcode, Power BI, Redis, TypeScript, TensorFlow, Deep Learning, Linux"
Systems Developer,"Python, Computer Vision, C++, Unity, Firebase"
Bioinformatics Architect,"Xcode, Docker, TypeScript, Scrum, Cryptography, NLP, R, Linux"
Network Architect,"Deep Learning, Data Visualization, AWS, CSS, Java, Solidity, Unreal Engine, Statistics, MySQL"
Database Engineer,"GraphQL, Scikit-learn, Python, Figma, Deep Learning"
